[{"model": "blog.user", "pk": 1, "fields": {"password": "pbkdf2_sha256$390000$HL1tRQrzkwoy1XJouYR68b$9S0hdmbG0AARIkpHkegkex/mQQCP24sYxVXGRS35uc8=", "last_login": "2023-02-27T13:07:07.366Z", "is_superuser": true, "username": "admin", "first_name": "", "last_name": "", "email": "admin@mail.com", "is_staff": true, "is_active": true, "date_joined": "2023-02-27T12:29:21.912Z", "groups": [], "user_permissions": []}}, {"model": "blog.user", "pk": 2, "fields": {"password": "pbkdf2_sha256$390000$3DVKGzXkH8BCg1UcgjsJ6D$UPMysdU8U2JlrA3yY1/ZOB2hbiSaI4AQg98jO4+DGqw=", "last_login": "2023-02-27T12:32:43.274Z", "is_superuser": false, "username": "test_user", "first_name": "", "last_name": "", "email": "test@mail.com", "is_staff": false, "is_active": true, "date_joined": "2023-02-27T12:32:22.645Z", "groups": [], "user_permissions": []}}, {"model": "blog.user", "pk": 3, "fields": {"password": "pbkdf2_sha256$390000$Xfa3TI5M2kLVE6di1iV7xo$iOEe9c1HyaoaxwMtaqtrL81FLK63+UQNkFxI7j0/hcg=", "last_login": "2023-02-27T13:02:46.821Z", "is_superuser": false, "username": "test_user2", "first_name": "", "last_name": "", "email": "test2@mail.com", "is_staff": false, "is_active": true, "date_joined": "2023-02-27T13:02:29.148Z", "groups": [], "user_permissions": []}}, {"model": "blog.profile", "pk": 2, "fields": {"avatar": "avatars/person-bounding-box.svg"}}, {"model": "blog.profile", "pk": 3, "fields": {"avatar": "avatars/person-bounding-box.svg"}}, {"model": "blog.category", "pk": 1, "fields": {"name": "news"}}, {"model": "blog.category", "pk": 2, "fields": {"name": "articles"}}, {"model": "blog.article", "pk": 1, "fields": {"title": "Lorem ipsum dolor sit amet", "preview": "<p>Lorem ipsum dolor sit amet, consectetur adipiscing elit, sed do eiusmod tempor incididunt ut labore et dolore magna aliqua. Ut enim ad minim veniam, quis nostrud exercitation ullamco laboris nisi ut aliquip ex ea commodo consequat. Duis aute irure dolor in reprehenderit in voluptate velit esse cillum dolore eu fugiat nulla pariatur. Excepteur sint occaecat cupidatat non proident, sunt in culpa qui officia deserunt mollit anim id est laborum.</p>", "content": "<p>Lorem ipsum dolor sit amet, consectetur adipiscing elit, sed do eiusmod tempor incididunt ut labore et dolore magna aliqua. Ut enim ad minim veniam, quis nostrud exercitation ullamco laboris nisi ut aliquip ex ea commodo consequat. Duis aute irure dolor in reprehenderit in voluptate velit esse cillum dolore eu fugiat nulla pariatur. Excepteur sint occaecat cupidatat non proident, sunt in culpa qui officia deserunt mollit anim id est laborum.</p>\r\n<p>Lorem ipsum dolor sit amet, consectetur adipiscing elit, sed do eiusmod tempor incididunt ut labore et dolore magna aliqua. Ut enim ad minim veniam, quis nostrud exercitation ullamco laboris nisi ut aliquip ex ea commodo consequat. Duis aute irure dolor in reprehenderit in voluptate velit esse cillum dolore eu fugiat nulla pariatur. Excepteur sint occaecat cupidatat non proident, sunt in culpa qui officia deserunt mollit anim id est laborum.</p>\r\n<h2>Amet nisl suscipit adipiscing bibendum est ultricies integer.</h2>\r\n<p>Amet nisl suscipit adipiscing bibendum est ultricies integer. Leo integer malesuada nunc vel risus commodo viverra. A lacus vestibulum sed arcu non odio euismod lacinia at. Tempus iaculis urna id volutpat lacus laoreet non curabitur gravida. Mauris pellentesque pulvinar pellentesque habitant morbi tristique. Orci ac auctor augue mauris augue neque gravida in. Gravida in fermentum et sollicitudin ac orci phasellus egestas tellus. Integer feugiat scelerisque varius morbi enim nunc faucibus a. Vel quam elementum pulvinar etiam non quam. Pharetra et ultrices neque ornare aenean euismod elementum nisi quis. Sed enim ut sem viverra aliquet eget. Blandit turpis cursus in hac habitasse platea. Purus in massa tempor nec feugiat nisl pretium.</p>", "pub_date": "2023-02-27T12:36:11Z", "hidden": false, "author": 2, "category": 1}}, {"model": "blog.article", "pk": 2, "fields": {"title": "Diam sollicitudin tempor id eu.", "preview": "<p>Diam sollicitudin tempor id eu. In massa tempor nec feugiat nisl pretium. Id interdum velit laoreet id donec. Mi ipsum faucibus vitae aliquet nec ullamcorper sit amet. Quisque sagittis purus sit amet volutpat consequat mauris nunc. Enim ut sem viverra aliquet eget sit. Augue neque gravida in fermentum et sollicitudin. Imperdiet nulla malesuada pellentesque elit. Amet consectetur adipiscing elit ut. Viverra orci sagittis eu volutpat. In nibh mauris cursus mattis molestie. Turpis massa tincidunt dui ut. Imperdiet massa tincidunt nunc pulvinar sapien et ligula ullamcorper malesuada. Non sodales neque sodales ut etiam. Cursus metus aliquam eleifend mi. Fermentum posuere urna nec tincidunt praesent semper feugiat nibh.</p>", "content": "<p>Diam sollicitudin tempor id eu. In massa tempor nec feugiat nisl pretium. Id interdum velit laoreet id donec. Mi ipsum faucibus vitae aliquet nec ullamcorper sit amet. Quisque sagittis purus sit amet volutpat consequat mauris nunc. Enim ut sem viverra aliquet eget sit. Augue neque gravida in fermentum et sollicitudin. Imperdiet nulla malesuada pellentesque elit. Amet consectetur adipiscing elit ut. Viverra orci sagittis eu volutpat. In nibh mauris cursus mattis molestie. Turpis massa tincidunt dui ut. Imperdiet massa tincidunt nunc pulvinar sapien et ligula ullamcorper malesuada. Non sodales neque sodales ut etiam. Cursus metus aliquam eleifend mi. Fermentum posuere urna nec tincidunt praesent semper feugiat nibh.</p>\r\n<p>Elementum pulvinar etiam non quam lacus suspendisse faucibus. Mattis rhoncus urna neque viverra justo. Potenti nullam ac tortor vitae purus faucibus. Non nisi est sit amet facilisis magna etiam. Mauris ultrices eros in cursus turpis massa tincidunt dui ut. Elit eget gravida cum sociis. Vulputate ut pharetra sit amet aliquam id. Eget sit amet tellus cras adipiscing enim. Facilisi etiam dignissim diam quis enim lobortis scelerisque fermentum dui. Mollis nunc sed id semper risus in hendrerit gravida rutrum. Sed vulputate mi sit amet mauris commodo quis imperdiet massa. Dictum varius duis at consectetur lorem donec. Consectetur adipiscing elit ut aliquam purus sit amet luctus. Integer quis auctor elit sed vulputate mi.</p>\r\n<p>Amet nisl suscipit adipiscing bibendum est ultricies integer. Leo integer malesuada nunc vel risus commodo viverra. A lacus vestibulum sed arcu non odio euismod lacinia at. Tempus iaculis urna id volutpat lacus laoreet non curabitur gravida. Mauris pellentesque pulvinar pellentesque habitant morbi tristique. Orci ac auctor augue mauris augue neque gravida in. Gravida in fermentum et sollicitudin ac orci phasellus egestas tellus. Integer feugiat scelerisque varius morbi enim nunc faucibus a. Vel quam elementum pulvinar etiam non quam. Pharetra et ultrices neque ornare aenean euismod elementum nisi quis. Sed enim ut sem viverra aliquet eget. Blandit turpis cursus in hac habitasse platea. Purus in massa tempor nec feugiat nisl pretium.</p>\r\n<p>&nbsp;Viverra orci sagittis eu volutpat. In nibh mauris cursus mattis molestie. Turpis massa tincidunt dui ut. Imperdiet massa tincidunt nunc pulvinar sapien et ligula ullamcorper malesuada. Non sodales neque sodales ut etiam. Cursus metus aliquam eleifend mi. Fermentum posuere urna nec tincidunt praesent semper feugiat nibh.</p>", "pub_date": "2023-02-27T12:39:45Z", "hidden": false, "author": 2, "category": 2}}, {"model": "blog.article", "pk": 3, "fields": {"title": "Hendrerit dolor magna eget est lorem ipsum dolor sit.", "preview": "<p>Hendrerit dolor magna eget est lorem ipsum dolor sit. A diam maecenas sed enim ut sem viverra. Consectetur purus ut faucibus pulvinar. Mi sit amet mauris commodo quis imperdiet. Praesent semper feugiat nibh sed pulvinar proin. Eu feugiat pretium nibh ipsum consequat. Nunc sed blandit libero volutpat. Venenatis a condimentum vitae sapien. Magna fringilla urna porttitor rhoncus dolor purus non. Magnis dis parturient montes nascetur. Turpis egestas integer eget aliquet nibh praesent. Nec tincidunt praesent semper feugiat nibh. Sed vulputate mi sit amet mauris. Sem nulla pharetra diam sit amet nisl.</p>", "content": "<p>Hendrerit dolor magna eget est lorem ipsum dolor sit. A diam maecenas sed enim ut sem viverra. Consectetur purus ut faucibus pulvinar. Mi sit amet mauris commodo quis imperdiet. Praesent semper feugiat nibh sed pulvinar proin. Eu feugiat pretium nibh ipsum consequat. Nunc sed blandit libero volutpat. Venenatis a condimentum vitae sapien. Magna fringilla urna porttitor rhoncus dolor purus non. Magnis dis parturient montes nascetur. Turpis egestas integer eget aliquet nibh praesent. Nec tincidunt praesent semper feugiat nibh. Sed vulputate mi sit amet mauris. Sem nulla pharetra diam sit amet nisl.</p>\r\n<p>Dui nunc mattis enim ut tellus elementum sagittis vitae. Diam vulputate ut pharetra sit amet aliquam id diam. Volutpat ac tincidunt vitae semper quis lectus. Sed augue lacus viverra vitae congue. Sit amet dictum sit amet justo donec enim diam. Aliquam vestibulum morbi blandit cursus risus at ultrices. Platea dictumst vestibulum rhoncus est pellentesque elit ullamcorper. Eget velit aliquet sagittis id. Pulvinar mattis nunc sed blandit libero volutpat sed cras ornare. Vestibulum morbi blandit cursus risus at ultrices mi tempus. Imperdiet nulla malesuada pellentesque elit. Consequat id porta nibh venenatis cras sed felis eget velit. Vel fringilla est ullamcorper eget nulla facilisi etiam dignissim diam. Sagittis nisl rhoncus mattis rhoncus urna neque viverra justo nec. Volutpat ac tincidunt vitae semper quis. Sed faucibus turpis in eu mi bibendum. Convallis convallis tellus id interdum velit laoreet id donec.</p>\r\n<h2>Morbi tristique senectus et netus et malesuada fames ac.&nbsp;</h2>\r\n<p>Morbi tristique senectus et netus et malesuada fames ac. Adipiscing elit ut aliquam purus. Tellus rutrum tellus pellentesque eu. Cursus in hac habitasse platea dictumst quisque. Est velit egestas dui id. Fusce id velit ut tortor pretium viverra suspendisse potenti. Nisi est sit amet facilisis magna etiam tempor. Ultrices dui sapien eget mi proin sed libero. Et pharetra pharetra massa massa ultricies mi quis hendrerit. Eros in cursus turpis massa. Nisl condimentum id venenatis a condimentum vitae sapien. Suspendisse interdum consectetur libero id faucibus nisl tincidunt eget nullam. At quis risus sed vulputate odio ut enim. Integer eget aliquet nibh praesent tristique magna sit amet.</p>", "pub_date": "2023-02-27T12:41:46Z", "hidden": false, "author": 2, "category": 2}}, {"model": "blog.article", "pk": 4, "fields": {"title": "Ornare arcu dui vivamus arcu felis bibendum ut.", "preview": "<p>Lorem ipsum dolor sit amet, consectetur adipiscing elit, sed do eiusmod tempor incididunt ut labore et dolore magna aliqua. Feugiat pretium nibh ipsum consequat nisl vel pretium. Ultricies mi quis hendrerit dolor magna eget est lorem. Ornare arcu dui vivamus arcu felis bibendum ut. Nunc lobortis mattis aliquam faucibus. Mattis vulputate enim nulla aliquet porttitor lacus luctus. Mattis rhoncus urna neque viverra justo nec ultrices. Leo urna molestie at elementum eu facilisis. Aliquet enim tortor at auctor urna nunc. Volutpat diam ut venenatis tellus in metus. Consectetur purus ut faucibus pulvinar elementum. Amet consectetur adipiscing elit ut aliquam purus sit amet luctus. Et magnis dis parturient montes. Quam vulputate dignissim suspendisse in est ante in nibh. Faucibus scelerisque eleifend donec pretium. Est placerat in egestas erat imperdiet sed euismod nisi. Diam quam nulla porttitor massa id neque aliquam. Iaculis urna id volutpat lacus laoreet non curabitur gravida arcu.</p>", "content": "<p>Lorem ipsum dolor sit amet, consectetur adipiscing elit, sed do eiusmod tempor incididunt ut labore et dolore magna aliqua. Feugiat pretium nibh ipsum consequat nisl vel pretium. Ultricies mi quis hendrerit dolor magna eget est lorem. Ornare arcu dui vivamus arcu felis bibendum ut. Nunc lobortis mattis aliquam faucibus. Mattis vulputate enim nulla aliquet porttitor lacus luctus. Mattis rhoncus urna neque viverra justo nec ultrices. Leo urna molestie at elementum eu facilisis. Aliquet enim tortor at auctor urna nunc. Volutpat diam ut venenatis tellus in metus. Consectetur purus ut faucibus pulvinar elementum. Amet consectetur adipiscing elit ut aliquam purus sit amet luctus. Et magnis dis parturient montes. Quam vulputate dignissim suspendisse in est ante in nibh. Faucibus scelerisque eleifend donec pretium. Est placerat in egestas erat imperdiet sed euismod nisi. Diam quam nulla porttitor massa id neque aliquam. Iaculis urna id volutpat lacus laoreet non curabitur gravida arcu.</p>\r\n<ul>\r\n<li>Potenti nullam ac tortor vitae purus.</li>\r\n<li>Turpis egestas integer eget aliquet. Eu volutpat odio facilisis mauris sit.</li>\r\n<li>Varius sit amet mattis vulputate. Integer eget aliquet nibh praesent tristique magna sit.&nbsp;</li>\r\n</ul>\r\n<p>Potenti nullam ac tortor vitae purus. Platea dictumst quisque sagittis purus sit amet volutpat consequat mauris. Convallis posuere morbi leo urna molestie at elementum eu facilisis. Odio facilisis mauris sit amet massa. Turpis egestas integer eget aliquet. Eu volutpat odio facilisis mauris sit. Varius morbi enim nunc faucibus a pellentesque sit amet. Ut porttitor leo a diam sollicitudin tempor id eu. Blandit libero volutpat sed cras ornare arcu dui vivamus arcu. Augue mauris augue neque gravida in fermentum. Faucibus pulvinar elementum integer enim neque volutpat. Facilisi morbi tempus iaculis urna id volutpat lacus laoreet. Varius sit amet mattis vulputate. Integer eget aliquet nibh praesent tristique magna sit. A condimentum vitae sapien pellentesque habitant morbi. Aliquam sem et tortor consequat id porta nibh venenatis.</p>", "pub_date": "2023-02-27T12:42:55.754Z", "hidden": false, "author": 2, "category": 1}}, {"model": "blog.article", "pk": 5, "fields": {"title": "In eu mi bibendum neque egestas.", "preview": "<p>Nisi vitae suscipit tellus mauris. Maecenas pharetra convallis posuere morbi leo. Fringilla urna porttitor rhoncus dolor purus non. Risus feugiat in ante metus. Quisque egestas diam in arcu cursus. Faucibus in ornare quam viverra orci sagittis eu volutpat. Vitae ultricies leo integer malesuada nunc vel risus commodo. Massa sapien faucibus et molestie ac feugiat sed lectus. Elementum eu facilisis sed odio morbi quis commodo odio aenean. Et netus et malesuada fames ac turpis egestas. Euismod nisi porta lorem mollis aliquam ut porttitor. Odio eu feugiat pretium nibh. Auctor urna nunc id cursus metus. Lacinia at quis risus sed vulputate odio ut enim. Ultrices mi tempus imperdiet nulla. Tincidunt dui ut ornare lectus sit amet est placerat in. Maecenas sed enim ut sem viverra aliquet eget sit. Nulla aliquet enim tortor at auctor. Neque egestas congue quisque egestas diam in arcu cursus.</p>", "content": "<p>Nisi vitae suscipit tellus mauris. Maecenas pharetra convallis posuere morbi leo. Fringilla urna porttitor rhoncus dolor purus non. Risus feugiat in ante metus. Quisque egestas diam in arcu cursus. Faucibus in ornare quam viverra orci sagittis eu volutpat. Vitae ultricies leo integer malesuada nunc vel risus commodo. Massa sapien faucibus et molestie ac feugiat sed lectus. Elementum eu facilisis sed odio morbi quis commodo odio aenean. Et netus et malesuada fames ac turpis egestas. Euismod nisi porta lorem mollis aliquam ut porttitor. Odio eu feugiat pretium nibh. Auctor urna nunc id cursus metus. Lacinia at quis risus sed vulputate odio ut enim. Ultrices mi tempus imperdiet nulla. Tincidunt dui ut ornare lectus sit amet est placerat in. Maecenas sed enim ut sem viverra aliquet eget sit. Nulla aliquet enim tortor at auctor. Neque egestas congue quisque egestas diam in arcu cursus.</p>\r\n<p>Fringilla phasellus faucibus scelerisque eleifend donec pretium vulputate sapien nec. Volutpat commodo sed egestas egestas fringilla phasellus faucibus scelerisque. Ut ornare lectus sit amet est placerat in egestas. Massa ultricies mi quis hendrerit dolor magna eget est lorem. Justo laoreet sit amet cursus sit amet dictum sit amet. Nam at lectus urna duis convallis convallis tellus id interdum. Aliquam nulla facilisi cras fermentum odio eu feugiat pretium. Laoreet suspendisse interdum consectetur libero id. Pharetra sit amet aliquam id diam maecenas ultricies mi eget. Platea dictumst quisque sagittis purus sit amet volutpat consequat mauris.</p>\r\n<p>Bibendum at varius vel pharetra vel. Pharetra convallis posuere morbi leo. Gravida cum sociis natoque penatibus et magnis dis parturient. Molestie ac feugiat sed lectus vestibulum mattis ullamcorper velit sed. Nulla facilisi etiam dignissim diam quis enim lobortis scelerisque fermentum. Risus commodo viverra maecenas accumsan lacus vel facilisis volutpat est. Nunc sed blandit libero volutpat sed cras ornare arcu dui. Elit scelerisque mauris pellentesque pulvinar pellentesque habitant morbi tristique. Purus viverra accumsan in nisl nisi scelerisque eu ultrices. Sit amet aliquam id diam maecenas ultricies mi eget. Tellus mauris a diam maecenas sed enim. In aliquam sem fringilla ut morbi tincidunt augue interdum. Tellus elementum sagittis vitae et leo. Tortor condimentum lacinia quis vel. Urna porttitor rhoncus dolor purus. Ornare massa eget egestas purus viverra accumsan in nisl.</p>\r\n<p>Eu nisl nunc mi ipsum faucibus. Ullamcorper malesuada proin libero nunc consequat interdum varius. Vitae aliquet nec ullamcorper sit amet. Cum sociis natoque penatibus et magnis dis parturient. Pellentesque eu tincidunt tortor aliquam nulla. Viverra justo nec ultrices dui. Integer enim neque volutpat ac tincidunt vitae semper. Placerat vestibulum lectus mauris ultrices eros in cursus turpis. Donec ac odio tempor orci. Elementum pulvinar etiam non quam lacus suspendisse. Eu scelerisque felis imperdiet proin. Cursus vitae congue mauris rhoncus aenean vel elit. Sed tempus urna et pharetra pharetra massa massa ultricies. Lectus nulla at volutpat diam ut venenatis tellus.</p>\r\n<p>Sed odio morbi quis commodo odio. Eleifend mi in nulla posuere sollicitudin aliquam ultrices. Pharetra magna ac placerat vestibulum lectus mauris ultrices eros in. Non enim praesent elementum facilisis. Eu augue ut lectus arcu bibendum at varius. Lorem sed risus ultricies tristique nulla aliquet enim tortor at. Ultricies tristique nulla aliquet enim tortor at. Tellus molestie nunc non blandit massa enim nec dui. Ac turpis egestas integer eget aliquet nibh praesent tristique magna. Ipsum consequat nisl vel pretium lectus quam id. Porttitor massa id neque aliquam vestibulum morbi. Arcu vitae elementum curabitur vitae nunc sed velit. Mi tempus imperdiet nulla malesuada pellentesque elit eget. Odio aenean sed adipiscing diam donec. Nibh tellus molestie nunc non blandit. Euismod elementum nisi quis eleifend quam adipiscing vitae proin sagittis.</p>\r\n<p>In eu mi bibendum neque egestas. Quis imperdiet massa tincidunt nunc pulvinar sapien et ligula ullamcorper. Non odio euismod lacinia at quis risus. Id velit ut tortor pretium viverra suspendisse potenti nullam ac. Cursus mattis molestie a iaculis. Vel risus commodo viverra maecenas accumsan lacus vel facilisis. Accumsan sit amet nulla facilisi morbi tempus. Nunc aliquet bibendum enim facilisis gravida neque convallis. Enim neque volutpat ac tincidunt vitae. Netus et malesuada fames ac turpis egestas integer. Id nibh tortor id aliquet lectus proin nibh. Massa placerat duis ultricies lacus sed turpis tincidunt. Maecenas pharetra convallis posuere morbi leo urna molestie at. Ut enim blandit volutpat maecenas volutpat blandit aliquam etiam. Neque egestas congue quisque egestas diam in arcu cursus euismod. Tristique et egestas quis ipsum suspendisse ultrices gravida. Eu sem integer vitae justo eget magna fermentum.</p>\r\n<p>Etiam dignissim diam quis enim lobortis scelerisque fermentum dui faucibus. Est ultricies integer quis auctor elit sed vulputate mi sit. In arcu cursus euismod quis viverra. Id aliquet risus feugiat in ante metus dictum at. Et molestie ac feugiat sed lectus. Sed felis eget velit aliquet sagittis id. Platea dictumst quisque sagittis purus sit. Tellus elementum sagittis vitae et leo duis. Lorem ipsum dolor sit amet consectetur adipiscing elit duis. Sem viverra aliquet eget sit. Pellentesque pulvinar pellentesque habitant morbi tristique senectus et. Molestie at elementum eu facilisis sed odio morbi. Nisl pretium fusce id velit ut tortor. Viverra nibh cras pulvinar mattis nunc sed blandit libero volutpat.</p>", "pub_date": "2023-02-27T12:44:40.620Z", "hidden": false, "author": 2, "category": 2}}, {"model": "blog.article", "pk": 6, "fields": {"title": "iverra nibh cras pulvinar mattis nunc sed blandit libero volutpat.", "preview": "<p><strong>Etiam dignissim diam quis enim lobortis scelerisque fermentum dui faucibus.</strong> Est ultricies integer quis auctor elit sed vulputate mi sit. In arcu cursus euismod quis viverra. Id aliquet risus feugiat in ante metus dictum at. Et molestie ac feugiat sed lectus. Sed felis eget velit aliquet sagittis id. Platea dictumst quisque sagittis purus sit. Tellus elementum sagittis vitae et leo duis. <strong>Lorem ipsum dolor</strong> sit amet consectetur adipiscing elit duis. Sem viverra aliquet eget sit. Pellentesque pulvinar pellentesque habitant morbi tristique senectus et. Molestie at elementum eu facilisis sed odio morbi. Nisl pretium fusce id velit ut tortor. Viverra nibh cras pulvinar mattis nunc sed blandit libero volutpat.</p>", "content": "<p>Etiam dignissim diam quis enim lobortis scelerisque fermentum dui faucibus. Est ultricies integer quis auctor elit sed vulputate mi sit. In arcu cursus euismod quis viverra. Id aliquet risus feugiat in ante metus dictum at. Et molestie ac feugiat sed lectus. Sed felis eget velit aliquet sagittis id. Platea dictumst quisque sagittis purus sit. Tellus elementum sagittis vitae et leo duis. Lorem ipsum dolor sit amet consectetur adipiscing elit duis. Sem viverra aliquet eget sit. Pellentesque pulvinar pellentesque habitant morbi tristique senectus et. Molestie at elementum eu facilisis sed odio morbi. Nisl pretium fusce id velit ut tortor. Viverra nibh cras pulvinar mattis nunc sed blandit libero volutpat.</p>\r\n<p>Etiam dignissim diam quis enim lobortis scelerisque fermentum dui faucibus. Est ultricies integer quis auctor elit sed vulputate mi sit. In arcu cursus euismod quis viverra. Id aliquet risus feugiat in ante metus dictum at. Et molestie ac feugiat sed lectus. Sed felis eget velit aliquet sagittis id. Platea dictumst quisque sagittis purus sit. Tellus elementum sagittis vitae et leo duis. Lorem ipsum dolor sit amet consectetur adipiscing elit duis. Sem viverra aliquet eget sit. Pellentesque pulvinar pellentesque habitant morbi tristique senectus et. Molestie at elementum eu facilisis sed odio morbi. Nisl pretium fusce id velit ut tortor. Viverra nibh cras pulvinar mattis nunc sed blandit libero volutpat.</p>\r\n<p>&nbsp;</p>", "pub_date": "2023-02-27T12:47:06Z", "hidden": false, "author": 2, "category": 1}}, {"model": "blog.article", "pk": 7, "fields": {"title": "Test", "preview": "<p>Test</p>\r\n<p>Test</p>\r\n<p>Test</p>", "content": "<p>Test</p>\r\n<p>Test</p>\r\n<p>Test</p>\r\n<p>Test</p>\r\n<p>Test</p>\r\n<p>Test</p>", "pub_date": "2023-02-27T12:48:53.028Z", "hidden": false, "author": 1, "category": 2}}, {"model": "blog.article", "pk": 8, "fields": {"title": "Meet Django", "preview": "<p>Django is a high-level Python web framework that encourages rapid development and clean, pragmatic design. Built by experienced developers, it takes care of much of the hassle of web development, so you can focus on writing your app without needing to reinvent the wheel. It&rsquo;s free and open source.&nbsp;</p>", "content": "<p>Django is a high-level Python web framework that encourages rapid development and clean, pragmatic design. Built by experienced developers, it takes care of much of the hassle of web development, so you can focus on writing your app without needing to reinvent the wheel. It&rsquo;s free and open source.&nbsp;</p>\r\n<ol>\r\n<li>Ridiculously fast.</li>\r\n<li>Reassuringly secure.</li>\r\n<li>Exceedingly scalable.</li>\r\n</ol>\r\n<p>Companies, organizations and governments have used Django to build all sorts of things &mdash; from content management systems to social networks to scientific computing platforms.</p>", "pub_date": "2023-02-27T12:50:53.259Z", "hidden": false, "author": 1, "category": 1}}, {"model": "blog.article", "pk": 9, "fields": {"title": "Django at a glance", "preview": "<p>Because Django was developed in a fast-paced newsroom environment, it was designed to make common web development tasks fast and easy. Here&rsquo;s an informal overview of how to write a database-driven web app with Django.</p>\r\n<p>The goal of this document is to give you enough technical specifics to understand how Django works, but this isn&rsquo;t intended to be a tutorial or reference &ndash; but we&rsquo;ve got both! When you&rsquo;re ready to start a project, you can <a class=\"reference internal\" href=\"https://docs.djangoproject.com/en/4.1/intro/tutorial01/\"><span class=\"doc\">start with the tutorial</span></a> or <a class=\"reference internal\" href=\"https://docs.djangoproject.com/en/4.1/topics/\"><span class=\"doc\">dive right into more detailed documentation</span></a>.</p>", "content": "<p>Because Django was developed in a fast-paced newsroom environment, it was designed to make common web development tasks fast and easy. Here&rsquo;s an informal overview of how to write a database-driven web app with Django.</p>\r\n<p>The goal of this document is to give you enough technical specifics to understand how Django works, but this isn&rsquo;t intended to be a tutorial or reference &ndash; but we&rsquo;ve got both! When you&rsquo;re ready to start a project, you can <a class=\"reference internal\" href=\"https://docs.djangoproject.com/en/4.1/intro/tutorial01/\"><span class=\"doc\">start with the tutorial</span></a> or <a class=\"reference internal\" href=\"https://docs.djangoproject.com/en/4.1/topics/\"><span class=\"doc\">dive right into more detailed documentation</span></a>.</p>", "pub_date": "2023-02-27T12:56:43Z", "hidden": false, "author": 1, "category": 2}}, {"model": "blog.article", "pk": 10, "fields": {"title": "Quick install guide", "preview": "<p>Before you can use Django, you&rsquo;ll need to get it installed. We have a <a class=\"reference internal\" href=\"https://docs.djangoproject.com/en/4.1/topics/install/\"><span class=\"doc\">complete installation guide</span></a> that covers all the possibilities; this guide will guide you to a minimal installation that&rsquo;ll work while you walk through the introduction.</p>", "content": "<p>Before you can use Django, you&rsquo;ll need to get it installed. We have a <a class=\"reference internal\" href=\"https://docs.djangoproject.com/en/4.1/topics/install/\"><span class=\"doc\">complete installation guide</span></a> that covers all the possibilities; this guide will guide you to a minimal installation that&rsquo;ll work while you walk through the introduction.</p>\r\n<h2>Install Python</h2>\r\n<p>Being a Python web framework, Django requires Python. See <a class=\"reference internal\" href=\"https://docs.djangoproject.com/en/4.1/faq/install/#faq-python-version-support\"><span class=\"std std-ref\">What Python version can I use with Django?</span></a> for details. Python includes a lightweight database called <a class=\"reference external\" href=\"https://www.sqlite.org/\">SQLite</a> so you won&rsquo;t need to set up a database just yet.</p>\r\n<p>Get the latest version of Python at <a class=\"reference external\" href=\"https://www.python.org/downloads/\">https://www.python.org/downloads/</a> or with your operating system&rsquo;s package manager.</p>", "pub_date": "2023-02-27T12:58:39.279Z", "hidden": false, "author": 1, "category": 2}}, {"model": "blog.article", "pk": 11, "fields": {"title": "Install Django", "preview": "<p>You&rsquo;ve got three options to install Django:</p>\r\n<ul class=\"simple\">\r\n<li><a class=\"reference internal\" href=\"https://docs.djangoproject.com/en/4.1/topics/install/#installing-official-release\"><span class=\"std std-ref\">Install an official release</span></a>. This is the best approach for most users.</li>\r\n<li>Install a version of Django <a class=\"reference internal\" href=\"https://docs.djangoproject.com/en/4.1/topics/install/#installing-distribution-package\"><span class=\"std std-ref\">provided by your operating system distribution</span></a>.</li>\r\n<li><a class=\"reference internal\" href=\"https://docs.djangoproject.com/en/4.1/topics/install/#installing-development-version\"><span class=\"std std-ref\">Install the latest development version</span></a>. This option is for enthusiasts who want the latest-and-greatest features and aren&rsquo;t afraid of running brand new code. You might encounter new bugs in the development version, but reporting them helps the development of Django. Also, releases of third-party packages are less likely to be compatible with the development version than with the latest stable release.</li>\r\n</ul>", "content": "<p>You&rsquo;ve got three options to install Django:</p>\r\n<ul class=\"simple\">\r\n<li><a class=\"reference internal\" href=\"https://docs.djangoproject.com/en/4.1/topics/install/#installing-official-release\"><span class=\"std std-ref\">Install an official release</span></a>. This is the best approach for most users.</li>\r\n<li>Install a version of Django <a class=\"reference internal\" href=\"https://docs.djangoproject.com/en/4.1/topics/install/#installing-distribution-package\"><span class=\"std std-ref\">provided by your operating system distribution</span></a>.</li>\r\n<li><a class=\"reference internal\" href=\"https://docs.djangoproject.com/en/4.1/topics/install/#installing-development-version\"><span class=\"std std-ref\">Install the latest development version</span></a>. This option is for enthusiasts who want the latest-and-greatest features and aren&rsquo;t afraid of running brand new code. You might encounter new bugs in the development version, but reporting them helps the development of Django. Also, releases of third-party packages are less likely to be compatible with the development version than with the latest stable release.</li>\r\n</ul>\r\n<div class=\"admonition-always-refer-to-the-documentation-that-corresponds-to-the-version-of-django-you-re-using admonition\">\r\n<p class=\"first admonition-title\"><strong>Always refer to the documentation that corresponds to the version of Django you&rsquo;re using!</strong></p>\r\n<p class=\"last\">If you do either of the first two steps, keep an eye out for parts of the documentation marked <strong>new in development version</strong>. That phrase flags features that are only available in development versions of Django, and they likely won&rsquo;t work with an official release.</p>\r\n</div>", "pub_date": "2023-02-27T12:59:23Z", "hidden": false, "author": 1, "category": 2}}, {"model": "blog.article", "pk": 12, "fields": {"title": "Get your database running", "preview": "<p>f you plan to use Django&rsquo;s database API functionality, you&rsquo;ll need to make sure a database server is running. Django supports many different database servers and is officially supported with <a class=\"reference external\" href=\"https://www.postgresql.org/\">PostgreSQL</a>, <a class=\"reference external\" href=\"https://mariadb.org/\">MariaDB</a>, <a class=\"reference external\" href=\"https://www.mysql.com/\">MySQL</a>, <a class=\"reference external\" href=\"https://www.oracle.com/\">Oracle</a> and <a class=\"reference external\" href=\"https://www.sqlite.org/\">SQLite</a>.</p>\r\n<p>If you are developing a small project or something you don&rsquo;t plan to deploy in a production environment, SQLite is generally the best option as it doesn&rsquo;t require running a separate server. However, SQLite has many differences from other databases, so if you are working on something substantial, it&rsquo;s recommended to develop with the same database that you plan on using in production.</p>\r\n<p>In addition to the officially supported databases, there are <a class=\"reference internal\" href=\"https://docs.djangoproject.com/en/4.1/ref/databases/#third-party-notes\"><span class=\"std std-ref\">backends provided by 3rd parties</span></a> that allow you to use other databases with Django.</p>", "content": "<p>If you plan to use Django&rsquo;s database API functionality, you&rsquo;ll need to make sure a database server is running. Django supports many different database servers and is officially supported with <a class=\"reference external\" href=\"https://www.postgresql.org/\">PostgreSQL</a>, <a class=\"reference external\" href=\"https://mariadb.org/\">MariaDB</a>, <a class=\"reference external\" href=\"https://www.mysql.com/\">MySQL</a>, <a class=\"reference external\" href=\"https://www.oracle.com/\">Oracle</a> and <a class=\"reference external\" href=\"https://www.sqlite.org/\">SQLite</a>.</p>\r\n<p>If you are developing a small project or something you don&rsquo;t plan to deploy in a production environment, SQLite is generally the best option as it doesn&rsquo;t require running a separate server. However, SQLite has many differences from other databases, so if you are working on something substantial, it&rsquo;s recommended to develop with the same database that you plan on using in production.</p>\r\n<p>In addition to the officially supported databases, there are <a class=\"reference internal\" href=\"https://docs.djangoproject.com/en/4.1/ref/databases/#third-party-notes\"><span class=\"std std-ref\">backends provided by 3rd parties</span></a> that allow you to use other databases with Django.</p>\r\n<p>In addition to a database backend, you&rsquo;ll need to make sure your Python database bindings are installed.</p>\r\n<ul class=\"simple\">\r\n<li>If you&rsquo;re using PostgreSQL, you&rsquo;ll need the <a class=\"reference external\" href=\"https://www.psycopg.org/\">psycopg2</a> package. Refer to the <a class=\"reference internal\" href=\"https://docs.djangoproject.com/en/4.1/ref/databases/#postgresql-notes\"><span class=\"std std-ref\">PostgreSQL notes</span></a> for further details.</li>\r\n<li>If you&rsquo;re using MySQL or MariaDB, you&rsquo;ll need a <a class=\"reference internal\" href=\"https://docs.djangoproject.com/en/4.1/ref/databases/#mysql-db-api-drivers\"><span class=\"std std-ref\">DB API driver</span></a> like <code class=\"docutils literal notranslate\"><span class=\"pre\">mysqlclient</span></code>. See <a class=\"reference internal\" href=\"https://docs.djangoproject.com/en/4.1/ref/databases/#mysql-notes\"><span class=\"std std-ref\">notes for the MySQL backend</span></a> for details.</li>\r\n<li>If you&rsquo;re using SQLite you might want to read the <a class=\"reference internal\" href=\"https://docs.djangoproject.com/en/4.1/ref/databases/#sqlite-notes\"><span class=\"std std-ref\">SQLite backend notes</span></a>.</li>\r\n<li>If you&rsquo;re using Oracle, you&rsquo;ll need a copy of <a class=\"reference external\" href=\"https://oracle.github.io/python-cx_Oracle/\">cx_Oracle</a>, but please read the <a class=\"reference internal\" href=\"https://docs.djangoproject.com/en/4.1/ref/databases/#oracle-notes\"><span class=\"std std-ref\">notes for the Oracle backend</span></a> for details regarding supported versions of both Oracle and <code class=\"docutils literal notranslate\"><span class=\"pre\">cx_Oracle</span></code>.</li>\r\n<li>If you&rsquo;re using an unofficial 3rd party backend, please consult the documentation provided for any additional requirements.</li>\r\n</ul>\r\n<p>If you plan to use Django&rsquo;s <code class=\"docutils literal notranslate\"><span class=\"pre\">manage.py</span> <span class=\"pre\">migrate</span></code> command to automatically create database tables for your models (after first installing Django and creating a project), you&rsquo;ll need to ensure that Django has permission to create and alter tables in the database you&rsquo;re using; if you plan to manually create the tables, you can grant Django <code class=\"docutils literal notranslate\"><span class=\"pre\">SELECT</span></code>, <code class=\"docutils literal notranslate\"><span class=\"pre\">INSERT</span></code>, <code class=\"docutils literal notranslate\"><span class=\"pre\">UPDATE</span></code> and <code class=\"docutils literal notranslate\"><span class=\"pre\">DELETE</span></code> permissions. After creating a database user with these permissions, you&rsquo;ll specify the details in your project&rsquo;s settings file, see <a class=\"reference internal\" href=\"https://docs.djangoproject.com/en/4.1/ref/settings/#std-setting-DATABASES\"><code class=\"xref std std-setting docutils literal notranslate\"><span class=\"pre\">DATABASES</span></code></a> for details.</p>\r\n<p>If you&rsquo;re using Django&rsquo;s <a class=\"reference internal\" href=\"https://docs.djangoproject.com/en/4.1/topics/testing/\"><span class=\"doc\">testing framework</span></a> to test database queries, Django will need permission to create a test database.</p>", "pub_date": "2023-02-27T13:00:23Z", "hidden": false, "author": 1, "category": 2}}, {"model": "blog.comment", "pk": 1, "fields": {"comment": "Duis convallis convallis tellus id. Molestie a iaculis at erat pellentesque adipiscing commodo elit. In vitae turpis massa sed elementum tempus egestas. Cum sociis natoque penatibus et magnis dis parturient. Etiam sit amet nisl purus in. Nibh mauris cursus mattis molestie a.", "submit_date": "2023-02-27T12:36:40.636Z", "user": 2, "profile": 2, "username": "test_user", "article": 1}}, {"model": "blog.comment", "pk": 2, "fields": {"comment": "Dui nunc mattis enim ut tellus elementum sagittis vitae. Diam vulputate ut pharetra sit amet aliquam id diam.", "submit_date": "2023-02-27T12:43:25.567Z", "user": 2, "profile": 2, "username": "test_user", "article": 3}}, {"model": "blog.comment", "pk": 3, "fields": {"comment": "Volutpat ac tincidunt vitae semper quis. Sed faucibus turpis in eu mi bibendum. Convallis convallis tellus id interdum velit laoreet id donec.", "submit_date": "2023-02-27T12:43:33.319Z", "user": 2, "profile": 2, "username": "test_user", "article": 3}}, {"model": "blog.comment", "pk": 4, "fields": {"comment": "Tristique et egestas quis ipsum suspendisse ultrices gravida. Eu sem integer vitae justo eget magna fermentum.", "submit_date": "2023-02-27T12:47:23.896Z", "user": 2, "profile": 2, "username": "test_user", "article": 6}}, {"model": "blog.comment", "pk": 5, "fields": {"comment": "In eu mi bibendum neque egestas. Quis imperdiet massa tincidunt nunc pulvinar sapien et ligula ullamcorper. Non odio euismod lacinia at quis risus. Id velit ut tortor pretium viverra suspendisse potenti nullam ac. Cursus mattis molestie a iaculis. Vel risus commodo viverra maecenas accumsan lacus vel facilisis.", "submit_date": "2023-02-27T13:03:13.925Z", "user": 3, "profile": 3, "username": "test_user2", "article": 12}}, {"model": "blog.comment", "pk": 6, "fields": {"comment": "Porttitor massa id neque aliquam vestibulum morbi. Arcu vitae elementum curabitur vitae nunc sed velit. Mi tempus imperdiet nulla malesuada pellentesque elit eget. Odio aenean sed adipiscing diam donec. Nibh tellus molestie nunc non blandit. Euismod elementum nisi quis eleifend quam adipiscing vitae proin sagittis.", "submit_date": "2023-02-27T13:03:29.123Z", "user": 3, "profile": 3, "username": "test_user2", "article": 11}}, {"model": "blog.comment", "pk": 7, "fields": {"comment": "Sed odio morbi quis commodo odio. Eleifend mi in nulla posuere sollicitudin aliquam ultrices.", "submit_date": "2023-02-27T13:03:39.529Z", "user": 3, "profile": 3, "username": "test_user2", "article": 11}}, {"model": "blog.comment", "pk": 8, "fields": {"comment": "Sed odio morbi quis commodo odio. Eleifend mi in nulla posuere sollicitudin aliquam ultrices.", "submit_date": "2023-02-27T13:03:47.418Z", "user": 3, "profile": 3, "username": "test_user2", "article": 1}}, {"model": "blog.comment", "pk": 9, "fields": {"comment": "Sed odio morbi quis commodo odio. Eleifend mi in nulla posuere sollicitudin aliquam ultrices.", "submit_date": "2023-02-27T13:04:03.012Z", "user": 3, "profile": 3, "username": "test_user2", "article": 5}}, {"model": "admin.logentry", "pk": 1, "fields": {"action_time": "2023-02-27T12:29:59.374Z", "user": 1, "content_type": 5, "object_id": "1", "object_repr": "news", "action_flag": 1, "change_message": "[{\"added\": {}}]"}}, {"model": "admin.logentry", "pk": 2, "fields": {"action_time": "2023-02-27T12:30:11.741Z", "user": 1, "content_type": 5, "object_id": "2", "object_repr": "articles", "action_flag": 1, "change_message": "[{\"added\": {}}]"}}, {"model": "admin.logentry", "pk": 3, "fields": {"action_time": "2023-02-27T13:40:00.805Z", "user": 1, "content_type": 2, "object_id": "9", "object_repr": "Article object (9)", "action_flag": 2, "change_message": "[{\"changed\": {\"fields\": [\"Tags\"]}}]"}}, {"model": "admin.logentry", "pk": 4, "fields": {"action_time": "2023-02-27T13:43:30.230Z", "user": 1, "content_type": 2, "object_id": "12", "object_repr": "Article object (12)", "action_flag": 2, "change_message": "[{\"changed\": {\"fields\": [\"Tags\"]}}]"}}, {"model": "admin.logentry", "pk": 5, "fields": {"action_time": "2023-02-27T13:43:38.041Z", "user": 1, "content_type": 2, "object_id": "11", "object_repr": "Article object (11)", "action_flag": 2, "change_message": "[{\"changed\": {\"fields\": [\"Tags\"]}}]"}}, {"model": "admin.logentry", "pk": 6, "fields": {"action_time": "2023-02-27T13:43:47.051Z", "user": 1, "content_type": 2, "object_id": "6", "object_repr": "Article object (6)", "action_flag": 2, "change_message": "[{\"changed\": {\"fields\": [\"Tags\"]}}]"}}, {"model": "admin.logentry", "pk": 7, "fields": {"action_time": "2023-02-27T13:43:57.498Z", "user": 1, "content_type": 2, "object_id": "3", "object_repr": "Article object (3)", "action_flag": 2, "change_message": "[{\"changed\": {\"fields\": [\"Tags\"]}}]"}}, {"model": "admin.logentry", "pk": 8, "fields": {"action_time": "2023-02-27T13:44:05.629Z", "user": 1, "content_type": 2, "object_id": "1", "object_repr": "Article object (1)", "action_flag": 2, "change_message": "[{\"changed\": {\"fields\": [\"Tags\"]}}]"}}, {"model": "admin.logentry", "pk": 9, "fields": {"action_time": "2023-02-27T13:44:24.823Z", "user": 1, "content_type": 2, "object_id": "2", "object_repr": "Article object (2)", "action_flag": 2, "change_message": "[{\"changed\": {\"fields\": [\"Tags\"]}}]"}}, {"model": "auth.permission", "pk": 1, "fields": {"name": "Can add user", "content_type": 1, "codename": "add_user"}}, {"model": "auth.permission", "pk": 2, "fields": {"name": "Can change user", "content_type": 1, "codename": "change_user"}}, {"model": "auth.permission", "pk": 3, "fields": {"name": "Can delete user", "content_type": 1, "codename": "delete_user"}}, {"model": "auth.permission", "pk": 4, "fields": {"name": "Can view user", "content_type": 1, "codename": "view_user"}}, {"model": "auth.permission", "pk": 5, "fields": {"name": "Can add article", "content_type": 2, "codename": "add_article"}}, {"model": "auth.permission", "pk": 6, "fields": {"name": "Can change article", "content_type": 2, "codename": "change_article"}}, {"model": "auth.permission", "pk": 7, "fields": {"name": "Can delete article", "content_type": 2, "codename": "delete_article"}}, {"model": "auth.permission", "pk": 8, "fields": {"name": "Can view article", "content_type": 2, "codename": "view_article"}}, {"model": "auth.permission", "pk": 9, "fields": {"name": "Can add profile", "content_type": 3, "codename": "add_profile"}}, {"model": "auth.permission", "pk": 10, "fields": {"name": "Can change profile", "content_type": 3, "codename": "change_profile"}}, {"model": "auth.permission", "pk": 11, "fields": {"name": "Can delete profile", "content_type": 3, "codename": "delete_profile"}}, {"model": "auth.permission", "pk": 12, "fields": {"name": "Can view profile", "content_type": 3, "codename": "view_profile"}}, {"model": "auth.permission", "pk": 13, "fields": {"name": "Can add comment", "content_type": 4, "codename": "add_comment"}}, {"model": "auth.permission", "pk": 14, "fields": {"name": "Can change comment", "content_type": 4, "codename": "change_comment"}}, {"model": "auth.permission", "pk": 15, "fields": {"name": "Can delete comment", "content_type": 4, "codename": "delete_comment"}}, {"model": "auth.permission", "pk": 16, "fields": {"name": "Can view comment", "content_type": 4, "codename": "view_comment"}}, {"model": "auth.permission", "pk": 17, "fields": {"name": "Can add category", "content_type": 5, "codename": "add_category"}}, {"model": "auth.permission", "pk": 18, "fields": {"name": "Can change category", "content_type": 5, "codename": "change_category"}}, {"model": "auth.permission", "pk": 19, "fields": {"name": "Can delete category", "content_type": 5, "codename": "delete_category"}}, {"model": "auth.permission", "pk": 20, "fields": {"name": "Can view category", "content_type": 5, "codename": "view_category"}}, {"model": "auth.permission", "pk": 21, "fields": {"name": "Can add log entry", "content_type": 6, "codename": "add_logentry"}}, {"model": "auth.permission", "pk": 22, "fields": {"name": "Can change log entry", "content_type": 6, "codename": "change_logentry"}}, {"model": "auth.permission", "pk": 23, "fields": {"name": "Can delete log entry", "content_type": 6, "codename": "delete_logentry"}}, {"model": "auth.permission", "pk": 24, "fields": {"name": "Can view log entry", "content_type": 6, "codename": "view_logentry"}}, {"model": "auth.permission", "pk": 25, "fields": {"name": "Can add permission", "content_type": 7, "codename": "add_permission"}}, {"model": "auth.permission", "pk": 26, "fields": {"name": "Can change permission", "content_type": 7, "codename": "change_permission"}}, {"model": "auth.permission", "pk": 27, "fields": {"name": "Can delete permission", "content_type": 7, "codename": "delete_permission"}}, {"model": "auth.permission", "pk": 28, "fields": {"name": "Can view permission", "content_type": 7, "codename": "view_permission"}}, {"model": "auth.permission", "pk": 29, "fields": {"name": "Can add group", "content_type": 8, "codename": "add_group"}}, {"model": "auth.permission", "pk": 30, "fields": {"name": "Can change group", "content_type": 8, "codename": "change_group"}}, {"model": "auth.permission", "pk": 31, "fields": {"name": "Can delete group", "content_type": 8, "codename": "delete_group"}}, {"model": "auth.permission", "pk": 32, "fields": {"name": "Can view group", "content_type": 8, "codename": "view_group"}}, {"model": "auth.permission", "pk": 33, "fields": {"name": "Can add content type", "content_type": 9, "codename": "add_contenttype"}}, {"model": "auth.permission", "pk": 34, "fields": {"name": "Can change content type", "content_type": 9, "codename": "change_contenttype"}}, {"model": "auth.permission", "pk": 35, "fields": {"name": "Can delete content type", "content_type": 9, "codename": "delete_contenttype"}}, {"model": "auth.permission", "pk": 36, "fields": {"name": "Can view content type", "content_type": 9, "codename": "view_contenttype"}}, {"model": "auth.permission", "pk": 37, "fields": {"name": "Can add session", "content_type": 10, "codename": "add_session"}}, {"model": "auth.permission", "pk": 38, "fields": {"name": "Can change session", "content_type": 10, "codename": "change_session"}}, {"model": "auth.permission", "pk": 39, "fields": {"name": "Can delete session", "content_type": 10, "codename": "delete_session"}}, {"model": "auth.permission", "pk": 40, "fields": {"name": "Can view session", "content_type": 10, "codename": "view_session"}}, {"model": "auth.permission", "pk": 41, "fields": {"name": "Can add tag", "content_type": 11, "codename": "add_tag"}}, {"model": "auth.permission", "pk": 42, "fields": {"name": "Can change tag", "content_type": 11, "codename": "change_tag"}}, {"model": "auth.permission", "pk": 43, "fields": {"name": "Can delete tag", "content_type": 11, "codename": "delete_tag"}}, {"model": "auth.permission", "pk": 44, "fields": {"name": "Can view tag", "content_type": 11, "codename": "view_tag"}}, {"model": "auth.permission", "pk": 45, "fields": {"name": "Can add tagged item", "content_type": 12, "codename": "add_taggeditem"}}, {"model": "auth.permission", "pk": 46, "fields": {"name": "Can change tagged item", "content_type": 12, "codename": "change_taggeditem"}}, {"model": "auth.permission", "pk": 47, "fields": {"name": "Can delete tagged item", "content_type": 12, "codename": "delete_taggeditem"}}, {"model": "auth.permission", "pk": 48, "fields": {"name": "Can view tagged item", "content_type": 12, "codename": "view_taggeditem"}}, {"model": "contenttypes.contenttype", "pk": 1, "fields": {"app_label": "blog", "model": "user"}}, {"model": "contenttypes.contenttype", "pk": 2, "fields": {"app_label": "blog", "model": "article"}}, {"model": "contenttypes.contenttype", "pk": 3, "fields": {"app_label": "blog", "model": "profile"}}, {"model": "contenttypes.contenttype", "pk": 4, "fields": {"app_label": "blog", "model": "comment"}}, {"model": "contenttypes.contenttype", "pk": 5, "fields": {"app_label": "blog", "model": "category"}}, {"model": "contenttypes.contenttype", "pk": 6, "fields": {"app_label": "admin", "model": "logentry"}}, {"model": "contenttypes.contenttype", "pk": 7, "fields": {"app_label": "auth", "model": "permission"}}, {"model": "contenttypes.contenttype", "pk": 8, "fields": {"app_label": "auth", "model": "group"}}, {"model": "contenttypes.contenttype", "pk": 9, "fields": {"app_label": "contenttypes", "model": "contenttype"}}, {"model": "contenttypes.contenttype", "pk": 10, "fields": {"app_label": "sessions", "model": "session"}}, {"model": "contenttypes.contenttype", "pk": 11, "fields": {"app_label": "taggit", "model": "tag"}}, {"model": "contenttypes.contenttype", "pk": 12, "fields": {"app_label": "taggit", "model": "taggeditem"}}, {"model": "sessions.session", "pk": "ka8ko26pr8guoe69pbhg82c7p65we1t5", "fields": {"session_data": ".eJxVjEEOwiAURO_C2hCo5Ssu3XsG8mH4UjU0Ke3KeHfbpAvdzntv3irwMpewtDyFAeqirDr8bpHTM9cN4MH1Puo01nkaot4UvdOmbyPy67q7fweFW1lrlxOJdSwS6QQjxvaJ4JDIRweBWwGsM4Zzd4Q_o4NIT-wtERhefb4bNDla:1pWdDf:AfXJXqVRcqZZl51RtBEKgLb-eBM8uB7lE8XZTu38nII", "expire_date": "2023-03-13T13:07:07.368Z"}}, {"model": "taggit.tag", "pk": 1, "fields": {"name": "django", "slug": "django"}}, {"model": "taggit.tag", "pk": 2, "fields": {"name": "tutorial", "slug": "tutorial"}}, {"model": "taggit.tag", "pk": 3, "fields": {"name": "lorem", "slug": "lorem"}}, {"model": "taggit.tag", "pk": 4, "fields": {"name": "diam", "slug": "diam"}}, {"model": "taggit.tag", "pk": 5, "fields": {"name": "morbi", "slug": "morbi"}}, {"model": "taggit.tag", "pk": 6, "fields": {"name": "news", "slug": "news"}}, {"model": "taggit.tag", "pk": 7, "fields": {"name": "ipsum", "slug": "ipsum"}}, {"model": "taggit.taggeditem", "pk": 1, "fields": {"tag": 1, "content_type": 2, "object_id": 9}}, {"model": "taggit.taggeditem", "pk": 2, "fields": {"tag": 2, "content_type": 2, "object_id": 9}}, {"model": "taggit.taggeditem", "pk": 3, "fields": {"tag": 1, "content_type": 2, "object_id": 12}}, {"model": "taggit.taggeditem", "pk": 4, "fields": {"tag": 2, "content_type": 2, "object_id": 12}}, {"model": "taggit.taggeditem", "pk": 5, "fields": {"tag": 1, "content_type": 2, "object_id": 11}}, {"model": "taggit.taggeditem", "pk": 6, "fields": {"tag": 3, "content_type": 2, "object_id": 6}}, {"model": "taggit.taggeditem", "pk": 7, "fields": {"tag": 4, "content_type": 2, "object_id": 6}}, {"model": "taggit.taggeditem", "pk": 8, "fields": {"tag": 3, "content_type": 2, "object_id": 3}}, {"model": "taggit.taggeditem", "pk": 9, "fields": {"tag": 5, "content_type": 2, "object_id": 3}}, {"model": "taggit.taggeditem", "pk": 10, "fields": {"tag": 6, "content_type": 2, "object_id": 1}}, {"model": "taggit.taggeditem", "pk": 11, "fields": {"tag": 7, "content_type": 2, "object_id": 1}}, {"model": "taggit.taggeditem", "pk": 12, "fields": {"tag": 3, "content_type": 2, "object_id": 2}}, {"model": "taggit.taggeditem", "pk": 13, "fields": {"tag": 4, "content_type": 2, "object_id": 2}}]